Region,Area / Neighbourhood
Central Sharjah (City Centre),Al Qasimia
Central Sharjah (City Centre),Al Nud
Central Sharjah (City Centre),Abu Shagara
Central Sharjah (City Centre),Al Manakh
Central Sharjah (City Centre),Al Mareija
Central Sharjah (City Centre),Al Mahatta
Central Sharjah (City Centre),Al Nabba
Central Sharjah (City Centre),Bu Tina
Central Sharjah (City Centre),Al Qulaya'a
Central Sharjah (City Centre),Al Mujarrah
Central Sharjah (City Centre),Al Soor
Central Sharjah (City Centre),Al Musalla
Central Sharjah (City Centre),Al Nasserya
Coastal Areas,Al Majaz 1
Coastal Areas,Al Majaz 2
Coastal Areas,Al Majaz 3
Coastal Areas,Al Khan
Coastal Areas,Al Taawun
Coastal Areas,Al Nahda
Coastal Areas,Al Layyah
Coastal Areas,Al Mamzar
Coastal Areas,Buhaira Corniche
Coastal Areas,Al Fisht
Coastal Areas,Al Heera
Coastal Areas,Al Rifah
Suburban & Residential Districts,Al Falaj
Suburban & Residential Districts,Al Ghubaiba
Suburban & Residential Districts,Al Jazzat
Suburban & Residential Districts,Al Ramla
Suburban & Residential Districts,Al Khazamiya
Suburban & Residential Districts,Al Yarmook
Suburban & Residential Districts,Samnan
Suburban & Residential Districts,Al Talaa
Suburban & Residential Districts,Al Abar
Suburban & Residential Districts,Al Ramtha
Suburban & Residential Districts,Al Azra
Suburban & Residential Districts,Al Sabkha
Suburban & Residential Districts,Al Riqa'a
New Developments & Modern Communities,Al Zahia
New Developments & Modern Communities,Aljada
New Developments & Modern Communities,Tilal City
New Developments & Modern Communities,Al Rahmaniya
New Developments & Modern Communities,Muwaileh Commercial
New Developments & Modern Communities,University City
New Developments & Modern Communities,Al Mamsha
Industrial Areas,Industrial Area 1
Industrial Areas,Industrial Area 2
Industrial Areas,Industrial Area 3
Industrial Areas,Industrial Area 4
Industrial Areas,Industrial Area 5
Industrial Areas,Industrial Area 6
Industrial Areas,Industrial Area 7
Industrial Areas,Industrial Area 8
Industrial Areas,Industrial Area 9
Industrial Areas,Industrial Area 10
Industrial Areas,Industrial Area 11
Industrial Areas,Industrial Area 12
Industrial Areas,Industrial Area 13
Industrial Areas,Industrial Area 14
Industrial Areas,Industrial Area 15
Industrial Areas,Industrial Area 16
Industrial Areas,Industrial Area 17
Industrial Areas,Industrial Area 18
Eastern Region (Wider Emirate),Kalba
Eastern Region (Wider Emirate),Khor Fakkan
Eastern Region (Wider Emirate),Dibba Al Hisn
Eastern Region (Wider Emirate),Al Maleha
Eastern Region (Wider Emirate),Al Madam
Eastern Region (Wider Emirate),Wadi Al Helo
Eastern Region (Wider Emirate),Al Dhaid
Eastern Region (Wider Emirate),Al Bataeh
